pocket_name,Diversity ,Ro5,qed,sas,sas0-1,logp,tpsa,np,weight,time
7dpu,0.7697438520326524,4.74,0.5574709712950126,3.31815267422594,0.7423000000000001,2.6343030000000014,99.8409,-0.9495600979525267,432.52059000000014,
avg,0.76974,4.74,0.55747,3.31815,0.7423,2.6343,99.8409,-0.94956,432.52059,4.775481224060059
