pocket_name,Diversity ,Ro5,qed,sas,sas0-1,logp,tpsa,np,weight,time
7dpu,0.7405007666647414,4.93,0.6464420684102001,3.1125908178295516,0.7658,3.5887598000000027,77.4457,-1.084576888850521,427.17930000000024,
avg,0.7405,4.93,0.64644,3.11259,0.7658,3.58876,77.4457,-1.08458,427.1793,5.183014869689941
