{
    "1c8k": -9.03289,
    "1dx6": -9.82827,
    "1htf": -8.62284,
    "1me7": -7.33446,
    "1nzq": -8.57327,
    "1o5p": -5.8697,
    "1rgk": -4.49273,
    "1ya4": -7.89854,
    "2a3b": -3.4316,
    "2ajb": 0.65446,
    "2bmz": -4.40188,
    "2gvf": -3.5317,
    "2is0": -10.55483,
    "2k62": -4.22127,
    "2r3l": -7.52058,
    "2uzn": -6.72237,
    "2v12": -7.66391,
    "2x24": -9.04599,
    "2x38": -9.74699,
    "2zu5": -3.98739,
    "3bc4": -3.81938,
    "3ce0": -7.46105,
    "3h23": -6.89744,
    "3ika": -3.1764,
    "3k16": -2.67763,
    "3m3o": -3.88443,
    "3mo0": -1.43809,
    "3ppo": -4.43191,
    "3q96": -13.50425,
    "3r7n": -4.05256,
    "3shb": -4.17424,
    "3sv7": -2.81642,
    "3txo": -8.71132,
    "3uw9": -5.24149,
    "3uwo": -10.08904,
    "4f9g": -9.68586,
    "4gfd": -8.73429,
    "4gvm": -8.02695,
    "4j8b": -3.99477,
    "4lgh": -8.71945,
    "4mxc": -11.4521,
    "4r8y": -8.31047,
    "4r95": -9.25277,
    "4ui4": -10.8876,
    "4xsy": -8.96611,
    "4z1s": -9.87566,
    "4zsq": -8.88319,
    "5a00": -10.89248,
    "5ald": -8.62895,
    "5ekn": -8.98079,
    "5em6": -9.25171,
    "5kup": -12.333,
    "5lbq": -3.84372,
    "5mxv": -9.86606,
    "5n1v": -11.86351,
    "5vqs": -12.57974,
    "5vrp": -6.00367,
    "5ye8": -5.9528,
    "6dhc": -6.38278,
    "6dki": -11.75362,
    "6guf": -8.61986,
    "6i3u": -9.414,
    "6ohd": -12.81788,
    "6p14": -9.88055
}