{
    "affinity": -8.91875,
    "score": -7.500886562500002
}