pocket_name,Diversity ,Ro5,qed,sas,sas0-1,logp,tpsa,np,weight,time
7d5u,0.6447465240288177,5.0,0.6589913772419735,2.6789184697965656,0.8131999999999999,2.859115200000001,82.0828,-1.1620086915815693,399.3854600000001,
avg,0.64475,5.0,0.65899,2.67892,0.8132,2.85912,82.0828,-1.16201,399.38546,3.778059959411621
